ID,Estimated Speedup [%],Function Name,Demangled Name,Duration [us],Runtime Improvement [us],Compute Throughput [%],Memory Throughput [%],# Registers [register/thread],Grid Size,Block Size [block]
66,97.50,square_kernel,square_kernel,4.06,3.96,0.05,0.91,18,"    1,    1,    1","  128,    1,    1"
97,97.50,square_kernel,square_kernel,4.03,3.93,0.05,0.94,18,"    1,    1,    1","  128,    1,    1"
22,97.50,square_kernel,square_kernel,4.06,3.96,0.05,0.91,18,"    1,    1,    1","  128,    1,    1"
35,97.50,square_kernel,square_kernel,4,3.90,0.05,0.92,18,"    1,    1,    1","  128,    1,    1"
71,97.50,square_kernel,square_kernel,4.06,3.96,0.05,0.91,18,"    1,    1,    1","  128,    1,    1"
73,97.50,square_kernel,square_kernel,4.03,3.93,0.05,0.92,18,"    1,    1,    1","  128,    1,    1"
10,97.50,square_kernel,square_kernel,4.03,3.93,0.05,0.91,18,"    1,    1,    1","  128,    1,    1"
108,97.50,square_kernel,square_kernel,4.06,3.96,0.05,0.91,18,"    1,    1,    1","  128,    1,    1"
29,97.50,square_kernel,square_kernel,4.03,3.93,0.05,0.95,18,"    1,    1,    1","  128,    1,    1"
56,97.50,square_kernel,square_kernel,4.03,3.93,0.05,0.91,18,"    1,    1,    1","  128,    1,    1"
21,97.50,square_kernel,square_kernel,4,3.90,0.05,0.92,18,"    1,    1,    1","  128,    1,    1"
7,97.50,square_kernel,square_kernel,4.03,3.93,0.05,0.92,18,"    1,    1,    1","  128,    1,    1"
25,97.50,square_kernel,square_kernel,4.03,3.93,0.05,0.92,18,"    1,    1,    1","  128,    1,    1"
83,97.50,square_kernel,square_kernel,4.03,3.93,0.05,0.91,18,"    1,    1,    1","  128,    1,    1"
67,97.50,square_kernel,square_kernel,4,3.90,0.05,0.92,18,"    1,    1,    1","  128,    1,    1"
61,97.50,square_kernel,square_kernel,4.03,3.93,0.05,0.92,18,"    1,    1,    1","  128,    1,    1"
19,97.50,square_kernel,square_kernel,4.03,3.93,0.05,0.92,18,"    1,    1,    1","  128,    1,    1"
1,97.50,square_kernel,square_kernel,4.03,3.93,0.05,0.91,18,"    1,    1,    1","  128,    1,    1"
79,97.50,square_kernel,square_kernel,4,3.90,0.05,0.92,18,"    1,    1,    1","  128,    1,    1"
39,97.50,square_kernel,square_kernel,4.06,3.96,0.05,0.92,18,"    1,    1,    1","  128,    1,    1"
95,97.50,square_kernel,square_kernel,4,3.90,0.05,0.95,18,"    1,    1,    1","  128,    1,    1"
36,97.50,square_kernel,square_kernel,4.10,3.99,0.05,0.90,18,"    1,    1,    1","  128,    1,    1"
31,97.50,square_kernel,square_kernel,4,3.90,0.05,0.92,18,"    1,    1,    1","  128,    1,    1"
62,97.50,square_kernel,square_kernel,4.03,3.93,0.05,0.94,18,"    1,    1,    1","  128,    1,    1"
23,97.50,square_kernel,square_kernel,4.03,3.93,0.05,0.91,18,"    1,    1,    1","  128,    1,    1"
41,97.50,square_kernel,square_kernel,4,3.90,0.05,0.92,18,"    1,    1,    1","  128,    1,    1"
101,97.50,square_kernel,square_kernel,4,3.90,0.05,0.91,18,"    1,    1,    1","  128,    1,    1"
89,97.50,square_kernel,square_kernel,4.06,3.96,0.05,0.94,18,"    1,    1,    1","  128,    1,    1"
9,97.50,square_kernel,square_kernel,4.06,3.96,0.05,0.90,18,"    1,    1,    1","  128,    1,    1"
27,97.50,square_kernel,square_kernel,4,3.90,0.05,0.93,18,"    1,    1,    1","  128,    1,    1"
51,97.50,square_kernel,square_kernel,3.97,3.87,0.05,0.93,18,"    1,    1,    1","  128,    1,    1"
5,97.50,square_kernel,square_kernel,4,3.90,0.05,0.91,18,"    1,    1,    1","  128,    1,    1"
11,97.50,square_kernel,square_kernel,4,3.90,0.05,0.92,18,"    1,    1,    1","  128,    1,    1"
43,97.50,square_kernel,square_kernel,4.03,3.93,0.05,0.93,18,"    1,    1,    1","  128,    1,    1"
85,97.50,square_kernel,square_kernel,4,3.90,0.05,0.92,18,"    1,    1,    1","  128,    1,    1"
77,97.50,square_kernel,square_kernel,4,3.90,0.05,0.92,18,"    1,    1,    1","  128,    1,    1"
107,97.50,square_kernel,square_kernel,4,3.90,0.05,0.92,18,"    1,    1,    1","  128,    1,    1"
63,97.50,square_kernel,square_kernel,4,3.90,0.05,0.92,18,"    1,    1,    1","  128,    1,    1"
57,97.50,square_kernel,square_kernel,4.03,3.93,0.05,0.92,18,"    1,    1,    1","  128,    1,    1"
91,97.50,square_kernel,square_kernel,4.03,3.93,0.05,0.93,18,"    1,    1,    1","  128,    1,    1"
17,97.50,square_kernel,square_kernel,4,3.90,0.05,0.92,18,"    1,    1,    1","  128,    1,    1"
109,97.50,square_kernel,square_kernel,4,3.90,0.05,0.92,18,"    1,    1,    1","  128,    1,    1"
55,97.50,square_kernel,square_kernel,4.06,3.96,0.05,0.94,18,"    1,    1,    1","  128,    1,    1"
37,97.50,square_kernel,square_kernel,4,3.90,0.05,0.92,18,"    1,    1,    1","  128,    1,    1"
45,97.50,square_kernel,square_kernel,4,3.90,0.05,0.95,18,"    1,    1,    1","  128,    1,    1"
47,97.50,square_kernel,square_kernel,4.03,3.93,0.05,0.92,18,"    1,    1,    1","  128,    1,    1"
33,97.50,square_kernel,square_kernel,4,3.90,0.05,0.96,18,"    1,    1,    1","  128,    1,    1"
93,97.50,square_kernel,square_kernel,4,3.90,0.05,0.92,18,"    1,    1,    1","  128,    1,    1"
49,97.50,square_kernel,square_kernel,4.03,3.93,0.05,0.92,18,"    1,    1,    1","  128,    1,    1"
59,97.50,square_kernel,square_kernel,4.03,3.93,0.05,0.93,18,"    1,    1,    1","  128,    1,    1"
65,97.50,square_kernel,square_kernel,4,3.90,0.05,0.92,18,"    1,    1,    1","  128,    1,    1"
4,97.50,square_kernel,square_kernel,4.03,3.93,0.05,0.91,18,"    1,    1,    1","  128,    1,    1"
69,97.50,square_kernel,square_kernel,4.03,3.93,0.05,0.92,18,"    1,    1,    1","  128,    1,    1"
103,97.50,square_kernel,square_kernel,4.03,3.93,0.05,0.92,18,"    1,    1,    1","  128,    1,    1"
105,97.50,square_kernel,square_kernel,4.03,3.93,0.05,0.94,18,"    1,    1,    1","  128,    1,    1"
3,97.50,square_kernel,square_kernel,4.03,3.93,0.05,0.92,18,"    1,    1,    1","  128,    1,    1"
75,97.50,square_kernel,square_kernel,4.03,3.93,0.05,0.92,18,"    1,    1,    1","  128,    1,    1"
15,97.50,square_kernel,square_kernel,4.03,3.93,0.05,0.92,18,"    1,    1,    1","  128,    1,    1"
53,97.50,square_kernel,square_kernel,4,3.90,0.05,0.92,18,"    1,    1,    1","  128,    1,    1"
87,97.50,square_kernel,square_kernel,4.03,3.93,0.05,0.92,18,"    1,    1,    1","  128,    1,    1"
81,97.50,square_kernel,square_kernel,4.10,3.99,0.05,0.90,18,"    1,    1,    1","  128,    1,    1"
2,97.50,square_kernel,square_kernel,4.06,3.96,0.05,1.18,18,"    1,    1,    1","  128,    1,    1"
100,97.50,square_kernel,square_kernel,4.03,3.93,0.05,0.92,18,"    1,    1,    1","  128,    1,    1"
30,97.50,square_kernel,square_kernel,4.06,3.96,0.05,0.91,18,"    1,    1,    1","  128,    1,    1"
90,97.50,square_kernel,square_kernel,4.06,3.96,0.05,0.91,18,"    1,    1,    1","  128,    1,    1"
68,97.50,square_kernel,square_kernel,4.06,3.96,0.05,0.91,18,"    1,    1,    1","  128,    1,    1"
52,97.50,square_kernel,square_kernel,4.06,3.96,0.05,0.91,18,"    1,    1,    1","  128,    1,    1"
70,97.50,square_kernel,square_kernel,4.06,3.96,0.05,0.91,18,"    1,    1,    1","  128,    1,    1"
12,97.50,square_kernel,square_kernel,4.03,3.93,0.05,0.92,18,"    1,    1,    1","  128,    1,    1"
76,97.50,square_kernel,square_kernel,4.06,3.96,0.05,0.91,18,"    1,    1,    1","  128,    1,    1"
86,97.50,square_kernel,square_kernel,4.03,3.93,0.05,0.93,18,"    1,    1,    1","  128,    1,    1"
6,97.50,square_kernel,square_kernel,4.06,3.96,0.05,0.91,18,"    1,    1,    1","  128,    1,    1"
42,97.50,square_kernel,square_kernel,4.16,4.06,0.05,0.89,18,"    1,    1,    1","  128,    1,    1"
106,97.50,square_kernel,square_kernel,4.06,3.96,0.05,0.91,18,"    1,    1,    1","  128,    1,    1"
8,97.50,square_kernel,square_kernel,4.06,3.96,0.05,0.92,18,"    1,    1,    1","  128,    1,    1"
46,97.50,square_kernel,square_kernel,4.03,3.93,0.05,0.92,18,"    1,    1,    1","  128,    1,    1"
92,97.50,square_kernel,square_kernel,4.03,3.93,0.05,0.91,18,"    1,    1,    1","  128,    1,    1"
44,97.50,square_kernel,square_kernel,4.06,3.96,0.05,0.91,18,"    1,    1,    1","  128,    1,    1"
16,97.50,square_kernel,square_kernel,4.06,3.96,0.05,0.91,18,"    1,    1,    1","  128,    1,    1"
99,97.50,square_kernel,square_kernel,4.03,3.93,0.05,0.92,18,"    1,    1,    1","  128,    1,    1"
102,97.50,square_kernel,square_kernel,4.06,3.96,0.05,0.92,18,"    1,    1,    1","  128,    1,    1"
58,97.50,square_kernel,square_kernel,4.13,4.02,0.05,0.89,18,"    1,    1,    1","  128,    1,    1"
40,97.50,square_kernel,square_kernel,4.06,3.96,0.05,0.91,18,"    1,    1,    1","  128,    1,    1"
96,97.50,square_kernel,square_kernel,4.06,3.96,0.05,0.91,18,"    1,    1,    1","  128,    1,    1"
28,97.50,square_kernel,square_kernel,4.06,3.96,0.05,0.91,18,"    1,    1,    1","  128,    1,    1"
80,97.50,square_kernel,square_kernel,4.06,3.96,0.05,0.91,18,"    1,    1,    1","  128,    1,    1"
38,97.50,square_kernel,square_kernel,4.06,3.96,0.05,0.91,18,"    1,    1,    1","  128,    1,    1"
104,97.50,square_kernel,square_kernel,4.06,3.96,0.05,0.91,18,"    1,    1,    1","  128,    1,    1"
48,97.50,square_kernel,square_kernel,4.03,3.93,0.05,0.91,18,"    1,    1,    1","  128,    1,    1"
72,97.50,square_kernel,square_kernel,4.06,3.96,0.05,0.91,18,"    1,    1,    1","  128,    1,    1"
110,97.50,square_kernel,square_kernel,4.06,3.96,0.05,0.91,18,"    1,    1,    1","  128,    1,    1"
20,97.50,square_kernel,square_kernel,4.06,3.96,0.05,0.94,18,"    1,    1,    1","  128,    1,    1"
54,97.50,square_kernel,square_kernel,4.06,3.96,0.05,0.91,18,"    1,    1,    1","  128,    1,    1"
13,97.50,square_kernel,square_kernel,4.03,3.93,0.05,0.92,18,"    1,    1,    1","  128,    1,    1"
74,97.50,square_kernel,square_kernel,4.06,3.96,0.05,0.91,18,"    1,    1,    1","  128,    1,    1"
34,97.50,square_kernel,square_kernel,4.03,3.93,0.05,0.91,18,"    1,    1,    1","  128,    1,    1"
60,97.50,square_kernel,square_kernel,4.06,3.96,0.05,0.91,18,"    1,    1,    1","  128,    1,    1"
82,97.50,square_kernel,square_kernel,4.06,3.96,0.05,0.91,18,"    1,    1,    1","  128,    1,    1"
64,97.50,square_kernel,square_kernel,4.06,3.96,0.05,0.91,18,"    1,    1,    1","  128,    1,    1"
26,97.50,square_kernel,square_kernel,4.03,3.93,0.05,0.91,18,"    1,    1,    1","  128,    1,    1"
84,97.50,square_kernel,square_kernel,4.06,3.96,0.05,0.91,18,"    1,    1,    1","  128,    1,    1"
88,97.50,square_kernel,square_kernel,4.06,3.96,0.05,0.91,18,"    1,    1,    1","  128,    1,    1"
18,97.50,square_kernel,square_kernel,4.03,3.93,0.05,0.91,18,"    1,    1,    1","  128,    1,    1"
14,97.50,square_kernel,square_kernel,4.06,3.96,0.05,0.91,18,"    1,    1,    1","  128,    1,    1"
78,97.50,square_kernel,square_kernel,4.10,3.99,0.05,0.89,18,"    1,    1,    1","  128,    1,    1"
24,97.50,square_kernel,square_kernel,4.16,4.06,0.05,0.89,18,"    1,    1,    1","  128,    1,    1"
50,97.50,square_kernel,square_kernel,4.06,3.96,0.05,0.91,18,"    1,    1,    1","  128,    1,    1"
94,97.50,square_kernel,square_kernel,4.06,3.96,0.05,0.91,18,"    1,    1,    1","  128,    1,    1"
32,97.50,square_kernel,square_kernel,4.06,3.96,0.05,0.91,18,"    1,    1,    1","  128,    1,    1"
98,97.50,square_kernel,square_kernel,4.06,3.96,0.05,0.94,18,"    1,    1,    1","  128,    1,    1"
168,87.65,square_kernel,square_kernel,4.06,3.56,0.36,3.16,18,"    8,    1,    1","  128,    1,    1"
196,87.68,square_kernel,square_kernel,4.10,3.59,0.36,3.16,18,"    8,    1,    1","  128,    1,    1"
114,87.63,square_kernel,square_kernel,4.10,3.59,0.36,3.07,18,"    8,    1,    1","  128,    1,    1"
147,87.71,square_kernel,square_kernel,4.13,3.62,0.37,3.16,18,"    8,    1,    1","  128,    1,    1"
141,87.59,square_kernel,square_kernel,4.13,3.62,0.37,3.14,18,"    8,    1,    1","  128,    1,    1"
203,87.25,square_kernel,square_kernel,4.10,3.57,0.37,3.15,18,"    8,    1,    1","  128,    1,    1"
208,87.83,square_kernel,square_kernel,4.10,3.60,0.37,3.19,18,"    8,    1,    1","  128,    1,    1"
112,87.75,square_kernel,square_kernel,4.10,3.59,0.37,3.22,18,"    8,    1,    1","  128,    1,    1"
120,87.66,square_kernel,square_kernel,4.10,3.59,0.37,3.18,18,"    8,    1,    1","  128,    1,    1"
220,87.65,square_kernel,square_kernel,4.10,3.59,0.37,3.14,18,"    8,    1,    1","  128,    1,    1"
197,87.63,square_kernel,square_kernel,4.10,3.59,0.37,3.14,18,"    8,    1,    1","  128,    1,    1"
192,87.54,square_kernel,square_kernel,4.26,3.73,0.37,3.10,18,"    8,    1,    1","  128,    1,    1"
200,87.66,square_kernel,square_kernel,4.10,3.59,0.37,3.11,18,"    8,    1,    1","  128,    1,    1"
212,87.53,square_kernel,square_kernel,4.10,3.59,0.37,3.14,18,"    8,    1,    1","  128,    1,    1"
218,87.67,square_kernel,square_kernel,4.10,3.59,0.37,3.14,18,"    8,    1,    1","  128,    1,    1"
125,87.66,square_kernel,square_kernel,4.10,3.59,0.37,3.23,18,"    8,    1,    1","  128,    1,    1"
162,87.65,square_kernel,square_kernel,4.13,3.62,0.37,3.19,18,"    8,    1,    1","  128,    1,    1"
167,87.20,square_kernel,square_kernel,4.19,3.66,0.37,3.23,18,"    8,    1,    1","  128,    1,    1"
210,87.61,square_kernel,square_kernel,4.19,3.67,0.37,3.23,18,"    8,    1,    1","  128,    1,    1"
188,87.64,square_kernel,square_kernel,4.10,3.59,0.37,3.21,18,"    8,    1,    1","  128,    1,    1"
198,87.74,square_kernel,square_kernel,4.10,3.59,0.37,3.12,18,"    8,    1,    1","  128,    1,    1"
122,87.59,square_kernel,square_kernel,4.06,3.56,0.37,3.17,18,"    8,    1,    1","  128,    1,    1"
118,87.66,square_kernel,square_kernel,4.10,3.59,0.37,3.19,18,"    8,    1,    1","  128,    1,    1"
152,87.53,square_kernel,square_kernel,4.06,3.56,0.37,3.17,18,"    8,    1,    1","  128,    1,    1"
216,87.68,square_kernel,square_kernel,4.10,3.59,0.37,3.19,18,"    8,    1,    1","  128,    1,    1"
159,87.75,square_kernel,square_kernel,4.10,3.59,0.37,3.14,18,"    8,    1,    1","  128,    1,    1"
202,87.62,square_kernel,square_kernel,4.16,3.64,0.37,3.15,18,"    8,    1,    1","  128,    1,    1"
163,87.70,square_kernel,square_kernel,4.13,3.62,0.37,3.28,18,"    8,    1,    1","  128,    1,    1"
174,87.48,square_kernel,square_kernel,4.10,3.58,0.37,3.15,18,"    8,    1,    1","  128,    1,    1"
178,87.62,square_kernel,square_kernel,4.10,3.59,0.37,3.12,18,"    8,    1,    1","  128,    1,    1"
194,87.62,square_kernel,square_kernel,4.10,3.59,0.37,3.15,18,"    8,    1,    1","  128,    1,    1"
175,87.86,square_kernel,square_kernel,4.10,3.60,0.37,3.17,18,"    8,    1,    1","  128,    1,    1"
138,87.71,square_kernel,square_kernel,4.10,3.59,0.37,3.17,18,"    8,    1,    1","  128,    1,    1"
149,87.59,square_kernel,square_kernel,4.13,3.62,0.37,3.16,18,"    8,    1,    1","  128,    1,    1"
180,87.61,square_kernel,square_kernel,4.10,3.59,0.37,3.21,18,"    8,    1,    1","  128,    1,    1"
195,87.67,square_kernel,square_kernel,4.10,3.59,0.37,3.20,18,"    8,    1,    1","  128,    1,    1"
204,87.70,square_kernel,square_kernel,4.10,3.59,0.37,3.15,18,"    8,    1,    1","  128,    1,    1"
182,87.79,square_kernel,square_kernel,4.10,3.60,0.37,3.18,18,"    8,    1,    1","  128,    1,    1"
126,87.52,square_kernel,square_kernel,4.10,3.58,0.37,3.20,18,"    8,    1,    1","  128,    1,    1"
151,88.19,square_kernel,square_kernel,4.26,3.75,0.37,3.14,18,"    8,    1,    1","  128,    1,    1"
169,87.65,square_kernel,square_kernel,4.10,3.59,0.37,3.22,18,"    8,    1,    1","  128,    1,    1"
135,87.74,square_kernel,square_kernel,4.16,3.65,0.37,3.32,18,"    8,    1,    1","  128,    1,    1"
145,88.25,square_kernel,square_kernel,4.10,3.61,0.37,3.21,18,"    8,    1,    1","  128,    1,    1"
115,87.71,square_kernel,square_kernel,4.10,3.59,0.37,3.16,18,"    8,    1,    1","  128,    1,    1"
154,87.69,square_kernel,square_kernel,4.10,3.59,0.37,3.22,18,"    8,    1,    1","  128,    1,    1"
116,88.02,square_kernel,square_kernel,4.13,3.63,0.37,3.22,18,"    8,    1,    1","  128,    1,    1"
143,88.22,square_kernel,square_kernel,4.10,3.61,0.37,3.22,18,"    8,    1,    1","  128,    1,    1"
184,88.00,square_kernel,square_kernel,4.06,3.58,0.37,3.15,18,"    8,    1,    1","  128,    1,    1"
139,87.60,square_kernel,square_kernel,4.10,3.59,0.37,3.20,18,"    8,    1,    1","  128,    1,    1"
128,87.69,square_kernel,square_kernel,4.10,3.59,0.37,3.14,18,"    8,    1,    1","  128,    1,    1"
201,87.66,square_kernel,square_kernel,4.13,3.62,0.37,3.22,18,"    8,    1,    1","  128,    1,    1"
119,87.62,square_kernel,square_kernel,4.10,3.59,0.37,3.10,18,"    8,    1,    1","  128,    1,    1"
131,87.61,square_kernel,square_kernel,4.13,3.62,0.37,3.15,18,"    8,    1,    1","  128,    1,    1"
127,87.57,square_kernel,square_kernel,4.10,3.59,0.37,3.21,18,"    8,    1,    1","  128,    1,    1"
133,87.59,square_kernel,square_kernel,4.10,3.59,0.37,3.15,18,"    8,    1,    1","  128,    1,    1"
146,87.63,square_kernel,square_kernel,4.13,3.62,0.37,3.23,18,"    8,    1,    1","  128,    1,    1"
176,87.64,square_kernel,square_kernel,4.06,3.56,0.37,3.17,18,"    8,    1,    1","  128,    1,    1"
140,88.11,square_kernel,square_kernel,4.10,3.61,0.37,3.25,18,"    8,    1,    1","  128,    1,    1"
148,87.69,square_kernel,square_kernel,4.10,3.59,0.37,3.18,18,"    8,    1,    1","  128,    1,    1"
186,88.49,square_kernel,square_kernel,4.10,3.62,0.37,3.15,18,"    8,    1,    1","  128,    1,    1"
165,87.65,square_kernel,square_kernel,4.06,3.56,0.37,3.23,18,"    8,    1,    1","  128,    1,    1"
160,87.70,square_kernel,square_kernel,4.10,3.59,0.37,3.11,18,"    8,    1,    1","  128,    1,    1"
121,87.67,square_kernel,square_kernel,4.16,3.65,0.37,3.24,18,"    8,    1,    1","  128,    1,    1"
206,87.67,square_kernel,square_kernel,4.10,3.59,0.37,3.21,18,"    8,    1,    1","  128,    1,    1"
129,87.67,square_kernel,square_kernel,4.10,3.59,0.37,3.33,18,"    8,    1,    1","  128,    1,    1"
172,87.72,square_kernel,square_kernel,4.10,3.59,0.37,3.23,18,"    8,    1,    1","  128,    1,    1"
130,87.58,square_kernel,square_kernel,4.10,3.59,0.37,3.14,18,"    8,    1,    1","  128,    1,    1"
158,87.65,square_kernel,square_kernel,4.06,3.56,0.37,3.22,18,"    8,    1,    1","  128,    1,    1"
207,87.39,square_kernel,square_kernel,4.13,3.61,0.37,3.19,18,"    8,    1,    1","  128,    1,    1"
132,88.10,square_kernel,square_kernel,4.10,3.61,0.37,3.18,18,"    8,    1,    1","  128,    1,    1"
117,87.59,square_kernel,square_kernel,4.10,3.59,0.37,3.21,18,"    8,    1,    1","  128,    1,    1"
124,87.59,square_kernel,square_kernel,4.13,3.62,0.37,3.14,18,"    8,    1,    1","  128,    1,    1"
161,87.67,square_kernel,square_kernel,4.10,3.59,0.37,3.16,18,"    8,    1,    1","  128,    1,    1"
134,87.56,square_kernel,square_kernel,4.06,3.56,0.37,3.23,18,"    8,    1,    1","  128,    1,    1"
170,87.65,square_kernel,square_kernel,4.10,3.59,0.37,3.16,18,"    8,    1,    1","  128,    1,    1"
156,87.64,square_kernel,square_kernel,4.10,3.59,0.37,3.18,18,"    8,    1,    1","  128,    1,    1"
221,87.55,square_kernel,square_kernel,4.13,3.61,0.37,3.15,18,"    8,    1,    1","  128,    1,    1"
190,87.69,square_kernel,square_kernel,4.10,3.59,0.37,3.16,18,"    8,    1,    1","  128,    1,    1"
153,87.55,square_kernel,square_kernel,4.10,3.59,0.37,3.20,18,"    8,    1,    1","  128,    1,    1"
199,87.67,square_kernel,square_kernel,4.13,3.62,0.37,3.19,18,"    8,    1,    1","  128,    1,    1"
166,87.64,square_kernel,square_kernel,4.06,3.56,0.37,3.12,18,"    8,    1,    1","  128,    1,    1"
171,87.63,square_kernel,square_kernel,4.10,3.59,0.37,3.17,18,"    8,    1,    1","  128,    1,    1"
177,87.71,square_kernel,square_kernel,4.10,3.59,0.37,3.25,18,"    8,    1,    1","  128,    1,    1"
214,87.65,square_kernel,square_kernel,4.10,3.59,0.37,3.13,18,"    8,    1,    1","  128,    1,    1"
164,87.66,square_kernel,square_kernel,4.13,3.62,0.37,3.15,18,"    8,    1,    1","  128,    1,    1"
179,87.55,square_kernel,square_kernel,4.10,3.59,0.37,3.26,18,"    8,    1,    1","  128,    1,    1"
213,87.62,square_kernel,square_kernel,4.13,3.62,0.37,3.20,18,"    8,    1,    1","  128,    1,    1"
144,87.65,square_kernel,square_kernel,4.10,3.59,0.37,3.21,18,"    8,    1,    1","  128,    1,    1"
183,87.43,square_kernel,square_kernel,4.13,3.61,0.37,3.15,18,"    8,    1,    1","  128,    1,    1"
185,87.66,square_kernel,square_kernel,4.13,3.62,0.37,3.24,18,"    8,    1,    1","  128,    1,    1"
155,87.61,square_kernel,square_kernel,4.10,3.59,0.37,3.15,18,"    8,    1,    1","  128,    1,    1"
205,87.62,square_kernel,square_kernel,4.13,3.62,0.37,3.12,18,"    8,    1,    1","  128,    1,    1"
136,87.07,square_kernel,square_kernel,4.10,3.57,0.37,3.14,18,"    8,    1,    1","  128,    1,    1"
193,87.66,square_kernel,square_kernel,4.13,3.62,0.37,3.26,18,"    8,    1,    1","  128,    1,    1"
217,87.71,square_kernel,square_kernel,4.10,3.59,0.37,3.24,18,"    8,    1,    1","  128,    1,    1"
157,87.60,square_kernel,square_kernel,4.10,3.59,0.37,3.15,18,"    8,    1,    1","  128,    1,    1"
142,87.74,square_kernel,square_kernel,4.10,3.59,0.37,3.15,18,"    8,    1,    1","  128,    1,    1"
113,87.66,square_kernel,square_kernel,4.13,3.62,0.37,3.21,18,"    8,    1,    1","  128,    1,    1"
137,87.27,square_kernel,square_kernel,4.13,3.60,0.37,3.16,18,"    8,    1,    1","  128,    1,    1"
123,87.06,square_kernel,square_kernel,4.10,3.57,0.37,3.22,18,"    8,    1,    1","  128,    1,    1"
150,87.16,square_kernel,square_kernel,4.13,3.60,0.37,3.15,18,"    8,    1,    1","  128,    1,    1"
215,87.66,square_kernel,square_kernel,4.19,3.67,0.37,3.25,18,"    8,    1,    1","  128,    1,    1"
189,87.60,square_kernel,square_kernel,4.13,3.62,0.37,3.17,18,"    8,    1,    1","  128,    1,    1"
173,87.57,square_kernel,square_kernel,4.06,3.56,0.37,3.18,18,"    8,    1,    1","  128,    1,    1"
211,87.64,square_kernel,square_kernel,4.13,3.62,0.37,3.23,18,"    8,    1,    1","  128,    1,    1"
187,87.51,square_kernel,square_kernel,4.13,3.61,0.37,3.17,18,"    8,    1,    1","  128,    1,    1"
181,87.59,square_kernel,square_kernel,4.10,3.59,0.38,3.19,18,"    8,    1,    1","  128,    1,    1"
219,87.70,square_kernel,square_kernel,4.10,3.59,0.38,3.15,18,"    8,    1,    1","  128,    1,    1"
191,87.95,square_kernel,square_kernel,4.10,3.60,0.38,3.16,18,"    8,    1,    1","  128,    1,    1"
209,87.56,square_kernel,square_kernel,4.10,3.59,0.38,3.23,18,"    8,    1,    1","  128,    1,    1"
0,90.00,distribution_elementwise_grid_stride_kernel,..distribution_elementwise_grid_stride_kernel..,5.66,5.10,2.22,1.33,42,"    4,    1,    1","  256,    1,    1"
309,81.10,square_kernel,square_kernel,5.02,4.07,2.33,18.90,18,"   64,    1,    1","  128,    1,    1"
245,80.84,square_kernel,square_kernel,4.93,3.98,2.33,19.16,18,"   64,    1,    1","  128,    1,    1"
227,81.44,square_kernel,square_kernel,4.96,4.04,2.36,18.56,18,"   64,    1,    1","  128,    1,    1"
290,80.33,square_kernel,square_kernel,5.02,4.04,2.36,19.67,18,"   64,    1,    1","  128,    1,    1"
304,79.99,square_kernel,square_kernel,4.99,3.99,2.36,20.01,18,"   64,    1,    1","  128,    1,    1"
267,81.26,square_kernel,square_kernel,4.96,4.03,2.36,18.59,18,"   64,    1,    1","  128,    1,    1"
295,81.33,square_kernel,square_kernel,4.99,4.06,2.37,18.17,18,"   64,    1,    1","  128,    1,    1"
293,81.16,square_kernel,square_kernel,5.02,4.08,2.38,18.84,18,"   64,    1,    1","  128,    1,    1"
323,80.58,square_kernel,square_kernel,5.06,4.07,2.38,18.49,18,"   64,    1,    1","  128,    1,    1"
263,81.15,square_kernel,square_kernel,4.99,4.05,2.39,18.85,18,"   64,    1,    1","  128,    1,    1"
292,80.11,square_kernel,square_kernel,4.93,3.95,2.39,19.89,18,"   64,    1,    1","  128,    1,    1"
231,81.12,square_kernel,square_kernel,5.15,4.18,2.39,18.44,18,"   64,    1,    1","  128,    1,    1"
280,80.48,square_kernel,square_kernel,4.96,3.99,2.39,19.52,18,"   64,    1,    1","  128,    1,    1"
317,81.15,square_kernel,square_kernel,5.02,4.08,2.39,18.85,18,"   64,    1,    1","  128,    1,    1"
238,79.73,square_kernel,square_kernel,5.12,4.08,2.39,20.27,18,"   64,    1,    1","  128,    1,    1"
299,81.09,square_kernel,square_kernel,5.02,4.07,2.39,18.91,18,"   64,    1,    1","  128,    1,    1"
289,81.42,square_kernel,square_kernel,4.99,4.06,2.40,18.50,18,"   64,    1,    1","  128,    1,    1"
229,81.34,square_kernel,square_kernel,4.99,4.06,2.40,18.09,18,"   64,    1,    1","  128,    1,    1"
260,80.01,square_kernel,square_kernel,4.99,3.99,2.40,19.99,18,"   64,    1,    1","  128,    1,    1"
252,80.36,square_kernel,square_kernel,4.99,4.01,2.40,19.64,18,"   64,    1,    1","  128,    1,    1"
314,80.08,square_kernel,square_kernel,5.06,4.05,2.40,19.92,18,"   64,    1,    1","  128,    1,    1"
312,80.03,square_kernel,square_kernel,5.02,4.02,2.40,19.97,18,"   64,    1,    1","  128,    1,    1"
230,79.94,square_kernel,square_kernel,4.96,3.97,2.40,20.06,18,"   64,    1,    1","  128,    1,    1"
313,81.18,square_kernel,square_kernel,4.99,4.05,2.41,18.82,18,"   64,    1,    1","  128,    1,    1"
324,79.97,square_kernel,square_kernel,5.09,4.07,2.41,20.03,18,"   64,    1,    1","  128,    1,    1"
287,81.49,square_kernel,square_kernel,4.96,4.04,2.41,18.39,18,"   64,    1,    1","  128,    1,    1"
259,81.33,square_kernel,square_kernel,5.06,4.11,2.42,18.67,18,"   64,    1,    1","  128,    1,    1"
294,80.51,square_kernel,square_kernel,4.99,4.02,2.42,19.49,18,"   64,    1,    1","  128,    1,    1"
271,80.72,square_kernel,square_kernel,5.02,4.06,2.42,19.28,18,"   64,    1,    1","  128,    1,    1"
276,80.45,square_kernel,square_kernel,4.99,4.02,2.42,19.55,18,"   64,    1,    1","  128,    1,    1"
226,79.94,square_kernel,square_kernel,4.99,3.99,2.42,20.06,18,"   64,    1,    1","  128,    1,    1"
251,81.07,square_kernel,square_kernel,4.99,4.05,2.42,18.68,18,"   64,    1,    1","  128,    1,    1"
320,80.41,square_kernel,square_kernel,5.12,4.12,2.42,19.59,18,"   64,    1,    1","  128,    1,    1"
243,81.33,square_kernel,square_kernel,5.06,4.11,2.42,18.48,18,"   64,    1,    1","  128,    1,    1"
246,80.05,square_kernel,square_kernel,4.93,3.94,2.42,19.95,18,"   64,    1,    1","  128,    1,    1"
322,80.03,square_kernel,square_kernel,5.06,4.05,2.42,19.97,18,"   64,    1,    1","  128,    1,    1"
301,81.13,square_kernel,square_kernel,5.06,4.10,2.43,18.87,18,"   64,    1,    1","  128,    1,    1"
305,81.39,square_kernel,square_kernel,4.99,4.06,2.43,18.61,18,"   64,    1,    1","  128,    1,    1"
268,80.13,square_kernel,square_kernel,4.99,4.00,2.43,19.87,18,"   64,    1,    1","  128,    1,    1"
233,81.22,square_kernel,square_kernel,4.93,4.00,2.43,18.43,18,"   64,    1,    1","  128,    1,    1"
275,81.18,square_kernel,square_kernel,5.06,4.10,2.43,18.43,18,"   64,    1,    1","  128,    1,    1"
285,81.24,square_kernel,square_kernel,4.99,4.06,2.43,18.50,18,"   64,    1,    1","  128,    1,    1"
253,81.34,square_kernel,square_kernel,5.06,4.11,2.43,18.50,18,"   64,    1,    1","  128,    1,    1"
258,79.62,square_kernel,square_kernel,4.99,3.97,2.43,20.38,18,"   64,    1,    1","  128,    1,    1"
266,79.97,square_kernel,square_kernel,5.02,4.02,2.44,20.03,18,"   64,    1,    1","  128,    1,    1"
318,80.65,square_kernel,square_kernel,5.02,4.05,2.44,19.35,18,"   64,    1,    1","  128,    1,    1"
236,80.29,square_kernel,square_kernel,4.99,4.01,2.44,19.71,18,"   64,    1,    1","  128,    1,    1"
225,81.02,square_kernel,square_kernel,5.18,4.20,2.44,18.98,18,"   64,    1,    1","  128,    1,    1"
329,81.39,square_kernel,square_kernel,4.96,4.04,2.44,18.61,18,"   64,    1,    1","  128,    1,    1"
274,79.98,square_kernel,square_kernel,4.99,3.99,2.44,20.02,18,"   64,    1,    1","  128,    1,    1"
249,81.09,square_kernel,square_kernel,5.18,4.20,2.44,18.91,18,"   64,    1,    1","  128,    1,    1"
332,80.27,square_kernel,square_kernel,4.99,4.01,2.44,19.73,18,"   64,    1,    1","  128,    1,    1"
232,79.97,square_kernel,square_kernel,4.96,3.97,2.44,20.03,18,"   64,    1,    1","  128,    1,    1"
224,79.85,square_kernel,square_kernel,4.96,3.96,2.44,20.15,18,"   64,    1,    1","  128,    1,    1"
247,81.46,square_kernel,square_kernel,5.06,4.12,2.44,18.05,18,"   64,    1,    1","  128,    1,    1"
257,81.41,square_kernel,square_kernel,4.90,3.99,2.44,18.59,18,"   64,    1,    1","  128,    1,    1"
279,81.39,square_kernel,square_kernel,4.96,4.04,2.44,18.51,18,"   64,    1,    1","  128,    1,    1"
298,80.00,square_kernel,square_kernel,5.02,4.02,2.44,20.00,18,"   64,    1,    1","  128,    1,    1"
306,80.37,square_kernel,square_kernel,5.02,4.04,2.44,19.63,18,"   64,    1,    1","  128,    1,    1"
265,81.09,square_kernel,square_kernel,4.99,4.05,2.44,18.91,18,"   64,    1,    1","  128,    1,    1"
291,81.22,square_kernel,square_kernel,5.02,4.08,2.44,18.78,18,"   64,    1,    1","  128,    1,    1"
273,81.05,square_kernel,square_kernel,4.93,3.99,2.44,18.80,18,"   64,    1,    1","  128,    1,    1"
277,81.25,square_kernel,square_kernel,4.96,4.03,2.44,18.75,18,"   64,    1,    1","  128,    1,    1"
315,81.25,square_kernel,square_kernel,4.99,4.06,2.44,18.75,18,"   64,    1,    1","  128,    1,    1"
223,81.52,square_kernel,square_kernel,4.93,4.02,2.44,18.48,18,"   64,    1,    1","  128,    1,    1"
281,81.50,square_kernel,square_kernel,4.99,4.07,2.45,18.50,18,"   64,    1,    1","  128,    1,    1"
283,81.05,square_kernel,square_kernel,4.96,4.02,2.45,18.95,18,"   64,    1,    1","  128,    1,    1"
254,79.88,square_kernel,square_kernel,4.96,3.96,2.45,20.12,18,"   64,    1,    1","  128,    1,    1"
270,79.77,square_kernel,square_kernel,5.15,4.11,2.45,20.23,18,"   64,    1,    1","  128,    1,    1"
228,80.00,square_kernel,square_kernel,5.06,4.04,2.45,20.00,18,"   64,    1,    1","  128,    1,    1"
310,80.46,square_kernel,square_kernel,4.93,3.96,2.45,19.54,18,"   64,    1,    1","  128,    1,    1"
239,81.10,square_kernel,square_kernel,4.93,4.00,2.45,18.48,18,"   64,    1,    1","  128,    1,    1"
297,81.49,square_kernel,square_kernel,4.96,4.04,2.45,18.51,18,"   64,    1,    1","  128,    1,    1"
296,80.35,square_kernel,square_kernel,5.02,4.04,2.45,19.64,18,"   64,    1,    1","  128,    1,    1"
235,81.50,square_kernel,square_kernel,4.93,4.02,2.45,18.50,18,"   64,    1,    1","  128,    1,    1"
307,81.14,square_kernel,square_kernel,4.93,4.00,2.45,18.86,18,"   64,    1,    1","  128,    1,    1"
321,81.24,square_kernel,square_kernel,5.12,4.16,2.45,18.68,18,"   64,    1,    1","  128,    1,    1"
250,80.07,square_kernel,square_kernel,4.96,3.97,2.46,19.93,18,"   64,    1,    1","  128,    1,    1"
284,80.44,square_kernel,square_kernel,5.02,4.04,2.46,19.56,18,"   64,    1,    1","  128,    1,    1"
319,81.09,square_kernel,square_kernel,4.93,4.00,2.46,18.91,18,"   64,    1,    1","  128,    1,    1"
302,79.95,square_kernel,square_kernel,5.06,4.04,2.46,20.05,18,"   64,    1,    1","  128,    1,    1"
242,80.52,square_kernel,square_kernel,4.96,3.99,2.46,19.48,18,"   64,    1,    1","  128,    1,    1"
241,81.53,square_kernel,square_kernel,4.99,4.07,2.46,18.47,18,"   64,    1,    1","  128,    1,    1"
269,80.46,square_kernel,square_kernel,4.96,3.99,2.46,18.81,18,"   64,    1,    1","  128,    1,    1"
288,80.51,square_kernel,square_kernel,4.99,4.02,2.46,19.49,18,"   64,    1,    1","  128,    1,    1"
326,80.50,square_kernel,square_kernel,5.06,4.07,2.46,19.50,18,"   64,    1,    1","  128,    1,    1"
282,80.03,square_kernel,square_kernel,4.99,3.99,2.46,19.97,18,"   64,    1,    1","  128,    1,    1"
286,80.05,square_kernel,square_kernel,4.96,3.97,2.46,19.95,18,"   64,    1,    1","  128,    1,    1"
331,81.13,square_kernel,square_kernel,5.15,4.18,2.46,18.66,18,"   64,    1,    1","  128,    1,    1"
244,79.84,square_kernel,square_kernel,4.93,3.93,2.46,20.16,18,"   64,    1,    1","  128,    1,    1"
325,80.05,square_kernel,square_kernel,5.09,4.07,2.46,18.90,18,"   64,    1,    1","  128,    1,    1"
278,79.73,square_kernel,square_kernel,5.09,4.06,2.46,20.27,18,"   64,    1,    1","  128,    1,    1"
272,80.41,square_kernel,square_kernel,5.06,4.07,2.46,19.59,18,"   64,    1,    1","  128,    1,    1"
330,80.90,square_kernel,square_kernel,4.96,4.01,2.46,19.10,18,"   64,    1,    1","  128,    1,    1"
328,80.07,square_kernel,square_kernel,4.99,4.00,2.46,19.93,18,"   64,    1,    1","  128,    1,    1"
255,81.24,square_kernel,square_kernel,4.99,4.06,2.46,18.76,18,"   64,    1,    1","  128,    1,    1"
264,80.03,square_kernel,square_kernel,5.09,4.07,2.46,19.97,18,"   64,    1,    1","  128,    1,    1"
308,80.11,square_kernel,square_kernel,5.02,4.02,2.46,19.89,18,"   64,    1,    1","  128,    1,    1"
234,79.81,square_kernel,square_kernel,4.99,3.98,2.47,20.19,18,"   64,    1,    1","  128,    1,    1"
303,81.26,square_kernel,square_kernel,5.09,4.13,2.47,18.74,18,"   64,    1,    1","  128,    1,    1"
261,81.41,square_kernel,square_kernel,4.99,4.06,2.47,18.48,18,"   64,    1,    1","  128,    1,    1"
262,80.05,square_kernel,square_kernel,5.02,4.02,2.47,19.95,18,"   64,    1,    1","  128,    1,    1"
316,80.32,square_kernel,square_kernel,5.09,4.09,2.47,19.68,18,"   64,    1,    1","  128,    1,    1"
237,81.13,square_kernel,square_kernel,4.96,4.02,2.47,18.87,18,"   64,    1,    1","  128,    1,    1"
327,80.98,square_kernel,square_kernel,4.99,4.04,2.47,19.02,18,"   64,    1,    1","  128,    1,    1"
248,80.04,square_kernel,square_kernel,5.06,4.05,2.48,19.96,18,"   64,    1,    1","  128,    1,    1"
240,80.38,square_kernel,square_kernel,4.99,4.01,2.48,19.62,18,"   64,    1,    1","  128,    1,    1"
300,80.04,square_kernel,square_kernel,5.06,4.05,2.48,19.96,18,"   64,    1,    1","  128,    1,    1"
256,80.19,square_kernel,square_kernel,5.02,4.03,2.48,19.81,18,"   64,    1,    1","  128,    1,    1"
311,81.09,square_kernel,square_kernel,4.96,4.02,2.49,18.91,18,"   64,    1,    1","  128,    1,    1"
453,11.34,square_kernel,square_kernel,134.02,15.19,5.32,88.66,18," 4096,    1,    1","  128,    1,    1"
451,10.81,square_kernel,square_kernel,133.15,14.39,5.35,89.19,18," 4096,    1,    1","  128,    1,    1"
515,10.63,square_kernel,square_kernel,135.94,14.44,5.36,89.37,18," 4096,    1,    1","  128,    1,    1"
549,10.42,square_kernel,square_kernel,134.46,14.02,5.37,89.58,18," 4096,    1,    1","  128,    1,    1"
481,11.36,square_kernel,square_kernel,133.12,15.12,5.38,88.64,18," 4096,    1,    1","  128,    1,    1"
455,10.85,square_kernel,square_kernel,134.53,14.60,5.41,89.15,18," 4096,    1,    1","  128,    1,    1"
521,12.24,square_kernel,square_kernel,133.31,16.31,5.41,87.76,18," 4096,    1,    1","  128,    1,    1"
479,11.50,square_kernel,square_kernel,134.34,15.44,5.41,88.50,18," 4096,    1,    1","  128,    1,    1"
496,11.12,square_kernel,square_kernel,134.21,14.93,5.42,88.88,18," 4096,    1,    1","  128,    1,    1"
456,11.00,square_kernel,square_kernel,133.34,14.66,5.42,89.00,18," 4096,    1,    1","  128,    1,    1"
532,11.27,square_kernel,square_kernel,133.79,15.08,5.42,88.73,18," 4096,    1,    1","  128,    1,    1"
473,11.90,square_kernel,square_kernel,133.09,15.84,5.42,88.10,18," 4096,    1,    1","  128,    1,    1"
551,11.24,square_kernel,square_kernel,135.46,15.23,5.42,88.76,18," 4096,    1,    1","  128,    1,    1"
467,11.05,square_kernel,square_kernel,134.62,14.87,5.42,88.95,18," 4096,    1,    1","  128,    1,    1"
508,11.31,square_kernel,square_kernel,133.60,15.10,5.42,88.69,18," 4096,    1,    1","  128,    1,    1"
501,11.22,square_kernel,square_kernel,134.94,15.14,5.42,88.78,18," 4096,    1,    1","  128,    1,    1"
502,10.76,square_kernel,square_kernel,133.70,14.39,5.42,89.24,18," 4096,    1,    1","  128,    1,    1"
446,10.71,square_kernel,square_kernel,134.08,14.37,5.42,89.29,18," 4096,    1,    1","  128,    1,    1"
533,11.21,square_kernel,square_kernel,133.25,14.94,5.42,88.79,18," 4096,    1,    1","  128,    1,    1"
509,11.48,square_kernel,square_kernel,133.06,15.28,5.42,88.52,18," 4096,    1,    1","  128,    1,    1"
504,11.13,square_kernel,square_kernel,132.96,14.79,5.42,88.87,18," 4096,    1,    1","  128,    1,    1"
547,11.18,square_kernel,square_kernel,134.30,15.02,5.42,88.82,18," 4096,    1,    1","  128,    1,    1"
469,11.03,square_kernel,square_kernel,133.18,14.69,5.42,88.97,18," 4096,    1,    1","  128,    1,    1"
499,11.29,square_kernel,square_kernel,133.66,15.09,5.42,88.71,18," 4096,    1,    1","  128,    1,    1"
461,11.28,square_kernel,square_kernel,132.83,14.98,5.42,88.72,18," 4096,    1,    1","  128,    1,    1"
491,11.19,square_kernel,square_kernel,133.09,14.90,5.43,88.81,18," 4096,    1,    1","  128,    1,    1"
494,10.64,square_kernel,square_kernel,133.22,14.17,5.43,89.36,18," 4096,    1,    1","  128,    1,    1"
522,10.80,square_kernel,square_kernel,133.73,14.45,5.43,89.20,18," 4096,    1,    1","  128,    1,    1"
506,10.41,square_kernel,square_kernel,135.78,14.13,5.43,89.59,18," 4096,    1,    1","  128,    1,    1"
541,10.21,square_kernel,square_kernel,134.11,13.70,5.43,89.79,18," 4096,    1,    1","  128,    1,    1"
507,11.46,square_kernel,square_kernel,133.44,15.29,5.43,88.54,18," 4096,    1,    1","  128,    1,    1"
503,11.59,square_kernel,square_kernel,134.43,15.58,5.43,88.41,18," 4096,    1,    1","  128,    1,    1"
482,10.57,square_kernel,square_kernel,134.75,14.24,5.43,89.43,18," 4096,    1,    1","  128,    1,    1"
485,10.83,square_kernel,square_kernel,134.62,14.58,5.43,89.17,18," 4096,    1,    1","  128,    1,    1"
523,11.14,square_kernel,square_kernel,133.86,14.91,5.43,88.86,18," 4096,    1,    1","  128,    1,    1"
535,11.43,square_kernel,square_kernel,134.37,15.35,5.43,88.57,18," 4096,    1,    1","  128,    1,    1"
537,11.46,square_kernel,square_kernel,133.54,15.30,5.43,88.54,18," 4096,    1,    1","  128,    1,    1"
478,11.28,square_kernel,square_kernel,132.51,14.94,5.44,88.72,18," 4096,    1,    1","  128,    1,    1"
529,10.66,square_kernel,square_kernel,133.57,14.23,5.44,89.34,18," 4096,    1,    1","  128,    1,    1"
527,11.07,square_kernel,square_kernel,135.17,14.97,5.44,88.93,18," 4096,    1,    1","  128,    1,    1"
505,11.18,square_kernel,square_kernel,133.79,14.96,5.44,88.82,18," 4096,    1,    1","  128,    1,    1"
486,11.25,square_kernel,square_kernel,134.08,15.09,5.44,88.75,18," 4096,    1,    1","  128,    1,    1"
498,10.71,square_kernel,square_kernel,133.31,14.27,5.44,89.29,18," 4096,    1,    1","  128,    1,    1"
540,10.08,square_kernel,square_kernel,133.38,13.45,5.44,89.92,18," 4096,    1,    1","  128,    1,    1"
447,10.98,square_kernel,square_kernel,135.23,14.85,5.44,89.02,18," 4096,    1,    1","  128,    1,    1"
463,10.75,square_kernel,square_kernel,134.46,14.45,5.44,89.25,18," 4096,    1,    1","  128,    1,    1"
528,11.21,square_kernel,square_kernel,133.41,14.96,5.44,88.79,18," 4096,    1,    1","  128,    1,    1"
462,10.58,square_kernel,square_kernel,133.31,14.11,5.44,89.42,18," 4096,    1,    1","  128,    1,    1"
465,11.92,square_kernel,square_kernel,134.88,16.08,5.44,88.08,18," 4096,    1,    1","  128,    1,    1"
519,11.86,square_kernel,square_kernel,133.31,15.81,5.44,88.14,18," 4096,    1,    1","  128,    1,    1"
510,11.38,square_kernel,square_kernel,132.45,15.07,5.44,88.62,18," 4096,    1,    1","  128,    1,    1"
518,10.49,square_kernel,square_kernel,133.18,13.97,5.45,89.51,18," 4096,    1,    1","  128,    1,    1"
450,10.42,square_kernel,square_kernel,133.70,13.93,5.45,89.58,18," 4096,    1,    1","  128,    1,    1"
497,10.92,square_kernel,square_kernel,134.72,14.71,5.45,89.08,18," 4096,    1,    1","  128,    1,    1"
525,11.17,square_kernel,square_kernel,132.45,14.79,5.45,88.83,18," 4096,    1,    1","  128,    1,    1"
484,10.28,square_kernel,square_kernel,134.02,13.78,5.45,89.72,18," 4096,    1,    1","  128,    1,    1"
460,10.77,square_kernel,square_kernel,134.05,14.44,5.45,89.23,18," 4096,    1,    1","  128,    1,    1"
459,10.93,square_kernel,square_kernel,134.02,14.64,5.45,89.07,18," 4096,    1,    1","  128,    1,    1"
531,11.92,square_kernel,square_kernel,132.93,15.84,5.45,88.08,18," 4096,    1,    1","  128,    1,    1"
475,12.20,square_kernel,square_kernel,134.24,16.38,5.45,87.80,18," 4096,    1,    1","  128,    1,    1"
454,10.98,square_kernel,square_kernel,133.44,14.65,5.45,89.02,18," 4096,    1,    1","  128,    1,    1"
449,11.44,square_kernel,square_kernel,134.05,15.33,5.45,88.56,18," 4096,    1,    1","  128,    1,    1"
538,10.57,square_kernel,square_kernel,133.89,14.15,5.45,89.43,18," 4096,    1,    1","  128,    1,    1"
524,11.68,square_kernel,square_kernel,134.02,15.66,5.45,88.32,18," 4096,    1,    1","  128,    1,    1"
526,11.39,square_kernel,square_kernel,133.41,15.20,5.45,88.61,18," 4096,    1,    1","  128,    1,    1"
466,10.97,square_kernel,square_kernel,133.92,14.70,5.45,89.03,18," 4096,    1,    1","  128,    1,    1"
445,11.08,square_kernel,square_kernel,134.18,14.86,5.45,88.92,18," 4096,    1,    1","  128,    1,    1"
548,10.95,square_kernel,square_kernel,134.78,14.75,5.45,89.05,18," 4096,    1,    1","  128,    1,    1"
553,10.74,square_kernel,square_kernel,134.46,14.44,5.45,89.26,18," 4096,    1,    1","  128,    1,    1"
474,10.54,square_kernel,square_kernel,134.05,14.13,5.45,89.46,18," 4096,    1,    1","  128,    1,    1"
517,11.10,square_kernel,square_kernel,133.09,14.77,5.46,88.90,18," 4096,    1,    1","  128,    1,    1"
550,11.48,square_kernel,square_kernel,133.41,15.32,5.46,88.52,18," 4096,    1,    1","  128,    1,    1"
477,11.03,square_kernel,square_kernel,134.62,14.85,5.46,88.97,18," 4096,    1,    1","  128,    1,    1"
471,10.29,square_kernel,square_kernel,134.98,13.89,5.46,89.71,18," 4096,    1,    1","  128,    1,    1"
452,11.07,square_kernel,square_kernel,132.83,14.70,5.46,88.93,18," 4096,    1,    1","  128,    1,    1"
530,11.55,square_kernel,square_kernel,133.63,15.43,5.46,88.45,18," 4096,    1,    1","  128,    1,    1"
542,11.41,square_kernel,square_kernel,133.86,15.27,5.46,88.59,18," 4096,    1,    1","  128,    1,    1"
495,11.49,square_kernel,square_kernel,133.76,15.37,5.46,88.51,18," 4096,    1,    1","  128,    1,    1"
552,10.85,square_kernel,square_kernel,133.60,14.50,5.46,89.15,18," 4096,    1,    1","  128,    1,    1"
458,10.82,square_kernel,square_kernel,134.27,14.52,5.46,89.18,18," 4096,    1,    1","  128,    1,    1"
534,10.82,square_kernel,square_kernel,133.31,14.42,5.46,89.18,18," 4096,    1,    1","  128,    1,    1"
476,10.95,square_kernel,square_kernel,134.08,14.69,5.46,89.05,18," 4096,    1,    1","  128,    1,    1"
468,10.84,square_kernel,square_kernel,132.90,14.41,5.46,89.16,18," 4096,    1,    1","  128,    1,    1"
543,11.08,square_kernel,square_kernel,134.50,14.90,5.46,88.92,18," 4096,    1,    1","  128,    1,    1"
464,11.18,square_kernel,square_kernel,133.25,14.90,5.46,88.82,18," 4096,    1,    1","  128,    1,    1"
544,10.74,square_kernel,square_kernel,133.92,14.38,5.46,89.26,18," 4096,    1,    1","  128,    1,    1"
480,10.67,square_kernel,square_kernel,133.38,14.23,5.46,89.33,18," 4096,    1,    1","  128,    1,    1"
472,11.84,square_kernel,square_kernel,133.60,15.81,5.46,88.16,18," 4096,    1,    1","  128,    1,    1"
539,11.58,square_kernel,square_kernel,133.15,15.41,5.47,88.42,18," 4096,    1,    1","  128,    1,    1"
488,11.00,square_kernel,square_kernel,133.60,14.70,5.47,89.00,18," 4096,    1,    1","  128,    1,    1"
514,10.97,square_kernel,square_kernel,133.54,14.64,5.47,89.03,18," 4096,    1,    1","  128,    1,    1"
448,11.00,square_kernel,square_kernel,133.02,14.63,5.47,89.00,18," 4096,    1,    1","  128,    1,    1"
511,11.65,square_kernel,square_kernel,133.73,15.58,5.47,88.35,18," 4096,    1,    1","  128,    1,    1"
545,11.36,square_kernel,square_kernel,132.80,15.08,5.47,88.64,18," 4096,    1,    1","  128,    1,    1"
483,10.64,square_kernel,square_kernel,134.72,14.33,5.47,89.36,18," 4096,    1,    1","  128,    1,    1"
487,11.15,square_kernel,square_kernel,133.57,14.89,5.47,88.85,18," 4096,    1,    1","  128,    1,    1"
493,11.44,square_kernel,square_kernel,134.14,15.35,5.47,88.56,18," 4096,    1,    1","  128,    1,    1"
536,10.35,square_kernel,square_kernel,133.54,13.82,5.47,89.65,18," 4096,    1,    1","  128,    1,    1"
546,11.07,square_kernel,square_kernel,133.86,14.81,5.47,88.93,18," 4096,    1,    1","  128,    1,    1"
554,11.01,square_kernel,square_kernel,134.27,14.78,5.47,88.99,18," 4096,    1,    1","  128,    1,    1"
513,12.64,square_kernel,square_kernel,134.43,16.99,5.48,87.36,18," 4096,    1,    1","  128,    1,    1"
500,11.00,square_kernel,square_kernel,133.44,14.68,5.48,89.00,18," 4096,    1,    1","  128,    1,    1"
516,10.54,square_kernel,square_kernel,133.25,14.05,5.48,89.46,18," 4096,    1,    1","  128,    1,    1"
470,10.59,square_kernel,square_kernel,133.38,14.13,5.48,89.41,18," 4096,    1,    1","  128,    1,    1"
490,10.77,square_kernel,square_kernel,133.63,14.39,5.48,89.23,18," 4096,    1,    1","  128,    1,    1"
492,10.32,square_kernel,square_kernel,133.54,13.79,5.48,89.68,18," 4096,    1,    1","  128,    1,    1"
457,11.63,square_kernel,square_kernel,134.11,15.60,5.48,88.37,18," 4096,    1,    1","  128,    1,    1"
520,10.68,square_kernel,square_kernel,133.57,14.26,5.49,89.32,18," 4096,    1,    1","  128,    1,    1"
489,11.28,square_kernel,square_kernel,133.54,15.06,5.49,88.72,18," 4096,    1,    1","  128,    1,    1"
512,10.88,square_kernel,square_kernel,133.57,14.53,5.49,89.12,18," 4096,    1,    1","  128,    1,    1"
421,50.00,square_kernel,square_kernel,14.30,7.15,7.41,91.23,18,"  512,    1,    1","  128,    1,    1"
382,50.00,square_kernel,square_kernel,14.30,7.15,7.50,93.20,18,"  512,    1,    1","  128,    1,    1"
341,50.00,square_kernel,square_kernel,14.62,7.31,7.52,94.83,18,"  512,    1,    1","  128,    1,    1"
359,50.00,square_kernel,square_kernel,14.02,7.01,7.52,91.32,18,"  512,    1,    1","  128,    1,    1"
344,50.00,square_kernel,square_kernel,14.24,7.12,7.52,94.77,18,"  512,    1,    1","  128,    1,    1"
422,50.00,square_kernel,square_kernel,14.40,7.20,7.52,92.83,18,"  512,    1,    1","  128,    1,    1"
345,50.00,square_kernel,square_kernel,14.40,7.20,7.53,92.76,18,"  512,    1,    1","  128,    1,    1"
361,50.00,square_kernel,square_kernel,14.24,7.12,7.53,93.16,18,"  512,    1,    1","  128,    1,    1"
419,50.00,square_kernel,square_kernel,14.69,7.34,7.55,90.57,18,"  512,    1,    1","  128,    1,    1"
418,50.00,square_kernel,square_kernel,14.21,7.10,7.55,91.37,18,"  512,    1,    1","  128,    1,    1"
400,50.00,square_kernel,square_kernel,13.86,6.93,7.56,92.73,18,"  512,    1,    1","  128,    1,    1"
424,50.00,square_kernel,square_kernel,14.50,7.25,7.57,91.70,18,"  512,    1,    1","  128,    1,    1"
433,50.00,square_kernel,square_kernel,13.92,6.96,7.58,93.57,18,"  512,    1,    1","  128,    1,    1"
398,50.00,square_kernel,square_kernel,14.30,7.15,7.59,92.37,18,"  512,    1,    1","  128,    1,    1"
336,50.00,square_kernel,square_kernel,14.66,7.33,7.59,92.00,18,"  512,    1,    1","  128,    1,    1"
381,50.00,square_kernel,square_kernel,14.72,7.36,7.60,93.93,18,"  512,    1,    1","  128,    1,    1"
366,50.00,square_kernel,square_kernel,14.08,7.04,7.60,92.86,18,"  512,    1,    1","  128,    1,    1"
429,50.00,square_kernel,square_kernel,13.95,6.98,7.60,93.53,18,"  512,    1,    1","  128,    1,    1"
340,50.00,square_kernel,square_kernel,14.21,7.10,7.60,92.29,18,"  512,    1,    1","  128,    1,    1"
393,50.00,square_kernel,square_kernel,14.78,7.39,7.60,91.22,18,"  512,    1,    1","  128,    1,    1"
365,50.00,square_kernel,square_kernel,14.72,7.36,7.61,92.64,18,"  512,    1,    1","  128,    1,    1"
431,50.00,square_kernel,square_kernel,14.50,7.25,7.61,91.96,18,"  512,    1,    1","  128,    1,    1"
374,50.00,square_kernel,square_kernel,14.27,7.14,7.61,94.65,18,"  512,    1,    1","  128,    1,    1"
413,50.00,square_kernel,square_kernel,14.02,7.01,7.61,91.46,18,"  512,    1,    1","  128,    1,    1"
411,50.00,square_kernel,square_kernel,14.37,7.18,7.61,91.82,18,"  512,    1,    1","  128,    1,    1"
337,50.00,square_kernel,square_kernel,14.40,7.20,7.61,93.03,18,"  512,    1,    1","  128,    1,    1"
380,50.00,square_kernel,square_kernel,14.18,7.09,7.62,94.22,18,"  512,    1,    1","  128,    1,    1"
416,50.00,square_kernel,square_kernel,14.34,7.17,7.62,93.17,18,"  512,    1,    1","  128,    1,    1"
401,50.00,square_kernel,square_kernel,14.24,7.12,7.62,92.27,18,"  512,    1,    1","  128,    1,    1"
440,50.00,square_kernel,square_kernel,14.02,7.01,7.62,93.68,18,"  512,    1,    1","  128,    1,    1"
364,50.00,square_kernel,square_kernel,13.86,6.93,7.62,93.07,18,"  512,    1,    1","  128,    1,    1"
355,50.00,square_kernel,square_kernel,14.24,7.12,7.62,91.00,18,"  512,    1,    1","  128,    1,    1"
348,50.00,square_kernel,square_kernel,14.50,7.25,7.63,91.24,18,"  512,    1,    1","  128,    1,    1"
358,50.00,square_kernel,square_kernel,14.40,7.20,7.63,92.42,18,"  512,    1,    1","  128,    1,    1"
342,50.00,square_kernel,square_kernel,14.43,7.22,7.63,91.83,18,"  512,    1,    1","  128,    1,    1"
349,50.00,square_kernel,square_kernel,14.05,7.02,7.63,93.70,18,"  512,    1,    1","  128,    1,    1"
367,50.00,square_kernel,square_kernel,14.59,7.30,7.64,94.64,18,"  512,    1,    1","  128,    1,    1"
434,50.00,square_kernel,square_kernel,14.14,7.07,7.64,93.45,18,"  512,    1,    1","  128,    1,    1"
357,50.00,square_kernel,square_kernel,14.69,7.34,7.64,91.79,18,"  512,    1,    1","  128,    1,    1"
396,50.00,square_kernel,square_kernel,14.43,7.22,7.64,94.13,18,"  512,    1,    1","  128,    1,    1"
352,50.00,square_kernel,square_kernel,14.08,7.04,7.64,91.03,18,"  512,    1,    1","  128,    1,    1"
362,50.00,square_kernel,square_kernel,14.02,7.01,7.64,92.65,18,"  512,    1,    1","  128,    1,    1"
436,50.00,square_kernel,square_kernel,14.05,7.02,7.64,92.19,18,"  512,    1,    1","  128,    1,    1"
372,50.00,square_kernel,square_kernel,14.21,7.10,7.65,91.43,18,"  512,    1,    1","  128,    1,    1"
383,50.00,square_kernel,square_kernel,14.56,7.28,7.65,93.29,18,"  512,    1,    1","  128,    1,    1"
442,50.00,square_kernel,square_kernel,14.05,7.02,7.65,92.73,18,"  512,    1,    1","  128,    1,    1"
417,50.00,square_kernel,square_kernel,14.40,7.20,7.66,91.82,18,"  512,    1,    1","  128,    1,    1"
334,50.00,square_kernel,square_kernel,14.08,7.04,7.66,93.91,18,"  512,    1,    1","  128,    1,    1"
335,50.00,square_kernel,square_kernel,14.30,7.15,7.66,90.71,18,"  512,    1,    1","  128,    1,    1"
437,50.00,square_kernel,square_kernel,14.94,7.47,7.66,91.08,18,"  512,    1,    1","  128,    1,    1"
428,50.00,square_kernel,square_kernel,14.37,7.18,7.67,95.00,18,"  512,    1,    1","  128,    1,    1"
404,50.00,square_kernel,square_kernel,14.34,7.17,7.67,91.40,18,"  512,    1,    1","  128,    1,    1"
406,50.00,square_kernel,square_kernel,14.34,7.17,7.67,91.73,18,"  512,    1,    1","  128,    1,    1"
407,50.00,square_kernel,square_kernel,14.53,7.26,7.68,93.00,18,"  512,    1,    1","  128,    1,    1"
432,50.00,square_kernel,square_kernel,14.62,7.31,7.68,92.97,18,"  512,    1,    1","  128,    1,    1"
360,50.00,square_kernel,square_kernel,14.30,7.15,7.68,89.73,18,"  512,    1,    1","  128,    1,    1"
403,50.00,square_kernel,square_kernel,14.05,7.02,7.68,90.23,18,"  512,    1,    1","  128,    1,    1"
420,50.00,square_kernel,square_kernel,14.08,7.04,7.68,91.25,18,"  512,    1,    1","  128,    1,    1"
347,50.00,square_kernel,square_kernel,14.14,7.07,7.70,93.57,18,"  512,    1,    1","  128,    1,    1"
389,50.00,square_kernel,square_kernel,14.78,7.39,7.70,92.39,18,"  512,    1,    1","  128,    1,    1"
414,50.00,square_kernel,square_kernel,14.66,7.33,7.70,93.37,18,"  512,    1,    1","  128,    1,    1"
412,50.00,square_kernel,square_kernel,14.18,7.09,7.70,91.05,18,"  512,    1,    1","  128,    1,    1"
346,50.00,square_kernel,square_kernel,14.21,7.10,7.70,93.62,18,"  512,    1,    1","  128,    1,    1"
402,50.00,square_kernel,square_kernel,14.18,7.09,7.71,91.25,18,"  512,    1,    1","  128,    1,    1"
405,50.00,square_kernel,square_kernel,14.24,7.12,7.71,92.61,18,"  512,    1,    1","  128,    1,    1"
378,50.00,square_kernel,square_kernel,14.43,7.22,7.71,90.98,18,"  512,    1,    1","  128,    1,    1"
351,50.00,square_kernel,square_kernel,14.24,7.12,7.71,92.07,18,"  512,    1,    1","  128,    1,    1"
390,50.00,square_kernel,square_kernel,13.98,6.99,7.71,91.80,18,"  512,    1,    1","  128,    1,    1"
441,50.00,square_kernel,square_kernel,14.56,7.28,7.71,93.33,18,"  512,    1,    1","  128,    1,    1"
363,50.00,square_kernel,square_kernel,14.27,7.14,7.71,92.17,18,"  512,    1,    1","  128,    1,    1"
354,50.00,square_kernel,square_kernel,14.18,7.09,7.71,92.78,18,"  512,    1,    1","  128,    1,    1"
394,50.00,square_kernel,square_kernel,14.30,7.15,7.71,91.74,18,"  512,    1,    1","  128,    1,    1"
426,50.00,square_kernel,square_kernel,13.98,6.99,7.72,93.22,18,"  512,    1,    1","  128,    1,    1"
415,50.00,square_kernel,square_kernel,14.53,7.26,7.72,93.23,18,"  512,    1,    1","  128,    1,    1"
375,50.00,square_kernel,square_kernel,14.21,7.10,7.72,95.10,18,"  512,    1,    1","  128,    1,    1"
369,50.00,square_kernel,square_kernel,14.43,7.22,7.72,92.49,18,"  512,    1,    1","  128,    1,    1"
392,50.00,square_kernel,square_kernel,14.18,7.09,7.72,92.51,18,"  512,    1,    1","  128,    1,    1"
443,50.00,square_kernel,square_kernel,14.27,7.14,7.73,94.66,18,"  512,    1,    1","  128,    1,    1"
395,50.00,square_kernel,square_kernel,14.21,7.10,7.73,93.63,18,"  512,    1,    1","  128,    1,    1"
339,50.00,square_kernel,square_kernel,14.59,7.30,7.73,93.72,18,"  512,    1,    1","  128,    1,    1"
388,50.00,square_kernel,square_kernel,14.18,7.09,7.73,92.89,18,"  512,    1,    1","  128,    1,    1"
391,50.00,square_kernel,square_kernel,14.43,7.22,7.73,92.29,18,"  512,    1,    1","  128,    1,    1"
350,50.00,square_kernel,square_kernel,14.05,7.02,7.73,92.70,18,"  512,    1,    1","  128,    1,    1"
371,50.00,square_kernel,square_kernel,14.34,7.17,7.74,92.08,18,"  512,    1,    1","  128,    1,    1"
387,50.00,square_kernel,square_kernel,14.18,7.09,7.75,92.82,18,"  512,    1,    1","  128,    1,    1"
430,50.00,square_kernel,square_kernel,14.11,7.06,7.75,92.27,18,"  512,    1,    1","  128,    1,    1"
435,50.00,square_kernel,square_kernel,14.34,7.17,7.75,92.95,18,"  512,    1,    1","  128,    1,    1"
373,50.00,square_kernel,square_kernel,14.34,7.17,7.75,92.27,18,"  512,    1,    1","  128,    1,    1"
410,50.00,square_kernel,square_kernel,13.98,6.99,7.76,92.61,18,"  512,    1,    1","  128,    1,    1"
353,50.00,square_kernel,square_kernel,14.40,7.20,7.76,90.72,18,"  512,    1,    1","  128,    1,    1"
384,50.00,square_kernel,square_kernel,14.24,7.12,7.77,92.77,18,"  512,    1,    1","  128,    1,    1"
408,50.00,square_kernel,square_kernel,14.24,7.12,7.78,93.10,18,"  512,    1,    1","  128,    1,    1"
409,50.00,square_kernel,square_kernel,14.46,7.23,7.78,92.09,18,"  512,    1,    1","  128,    1,    1"
438,50.00,square_kernel,square_kernel,14.30,7.15,7.79,91.70,18,"  512,    1,    1","  128,    1,    1"
368,50.00,square_kernel,square_kernel,14.11,7.06,7.79,91.98,18,"  512,    1,    1","  128,    1,    1"
379,50.00,square_kernel,square_kernel,14.21,7.10,7.79,91.43,18,"  512,    1,    1","  128,    1,    1"
399,50.00,square_kernel,square_kernel,14.27,7.14,7.79,92.29,18,"  512,    1,    1","  128,    1,    1"
385,50.00,square_kernel,square_kernel,14.50,7.25,7.79,93.16,18,"  512,    1,    1","  128,    1,    1"
427,50.00,square_kernel,square_kernel,14.30,7.15,7.79,92.20,18,"  512,    1,    1","  128,    1,    1"
397,50.00,square_kernel,square_kernel,14.59,7.30,7.80,94.63,18,"  512,    1,    1","  128,    1,    1"
338,50.00,square_kernel,square_kernel,14.02,7.01,7.80,92.84,18,"  512,    1,    1","  128,    1,    1"
370,50.00,square_kernel,square_kernel,14.21,7.10,7.81,90.33,18,"  512,    1,    1","  128,    1,    1"
386,50.00,square_kernel,square_kernel,14.18,7.09,7.81,92.67,18,"  512,    1,    1","  128,    1,    1"
425,50.00,square_kernel,square_kernel,14.34,7.17,7.82,92.05,18,"  512,    1,    1","  128,    1,    1"
376,50.00,square_kernel,square_kernel,14.34,7.17,7.84,92.36,18,"  512,    1,    1","  128,    1,    1"
343,50.00,square_kernel,square_kernel,14.14,7.07,7.84,94.55,18,"  512,    1,    1","  128,    1,    1"
356,50.00,square_kernel,square_kernel,13.89,6.94,7.84,91.16,18,"  512,    1,    1","  128,    1,    1"
377,50.00,square_kernel,square_kernel,14.21,7.10,7.86,91.63,18,"  512,    1,    1","  128,    1,    1"
439,50.00,square_kernel,square_kernel,14.24,7.12,7.88,92.42,18,"  512,    1,    1","  128,    1,    1"
423,50.00,square_kernel,square_kernel,14.24,7.12,7.91,92.19,18,"  512,    1,    1","  128,    1,    1"
111,65.50,distribution_elementwise_grid_stride_kernel,..distribution_elementwise_grid_stride_kernel..,5.79,3.79,17.39,2.31,42,"   32,    1,    1","  256,    1,    1"
222,8.39,distribution_elementwise_grid_stride_kernel,..distribution_elementwise_grid_stride_kernel..,10.46,0.88,47.52,6.35,42,"  160,    1,    1","  256,    1,    1"
333,10.41,distribution_elementwise_grid_stride_kernel,..distribution_elementwise_grid_stride_kernel..,23.94,2.49,60.77,16.75,42,"  160,    1,    1","  256,    1,    1"
444,11.42,distribution_elementwise_grid_stride_kernel,..distribution_elementwise_grid_stride_kernel..,123.26,14.07,68.95,46.75,42,"  160,    1,    1","  256,    1,    1"
